date,mrp,smb,hml,rf,datenum
20100104,0.0169,0.0058,0.0112,0,734142
20100105,0.0031,-0.0059,0.0122,0,734143
20100106,0.0013,-0.0025,0.0052,0,734144
20100107,0.004,0.0008,0.0094,0,734145
20100108,0.0033,0.004,0.0001,0,734146
20100111,0.0013,-0.0013,-0.0021,0,734149
20100112,-0.01,-0.0019,-0.0131,0,734150
20100113,0.0085,0.0027,0.0034,0,734151
20100114,0.0024,0.0028,0.0005,0,734152
20100115,-0.0112,-0.0013,-0.004,0,734153
20100119,0.0126,0.0042,-0.0016,0,734157
20100120,-0.0098,-0.0059,0.0025,0,734158
20100121,-0.0174,0.0041,-0.0115,0,734159
20100122,-0.0214,0.0055,-0.0082,0,734160
20100125,0.0037,-0.002,0.0034,0,734163
20100126,-0.0045,-0.0009,-0.0046,0,734164
20100127,0.0053,0.0023,0.0016,0,734165
20100128,-0.0118,-0.0067,0.0046,0,734166
20100129,-0.0097,-0.0004,-0.0045,0,734167
20100201,0.0139,-0.002,0.0091,0,734170
20100202,0.0121,-0.0042,0.0067,0,734171
20100203,-0.0049,0.0011,-0.0038,0,734172
20100204,-0.0314,-0.0015,-0.0119,0,734173
20100205,0.0029,-0.0005,-0.0006,0,734174
20100208,-0.0079,0.0005,-0.0036,0,734177
20100209,0.0133,0.0032,0.0059,0,734178
20100210,-0.0017,0.0025,0.0029,0,734179
20100211,0.0113,0.0072,0.0007,0,734180
20100212,-0.0007,0.0097,0.0014,0,734181
20100216,0.0175,-0.0029,0.0102,0,734185
20100217,0.0049,0.0011,0.0012,0,734186
20100218,0.0062,0.0011,0.0001,0,734187
20100219,0.0028,0.0005,0.0048,0,734188
20100222,-0.0005,-0.0004,0.0058,0,734191
20100223,-0.0124,0.0027,-0.0094,0,734192
20100224,0.0094,-0.0035,0.0053,0,734193
20100225,-0.0013,0.0024,0.0028,0,734194
20100226,0.0013,-0.0055,0.0039,0,734195
20100301,0.012,0.0121,0.0007,0,734198
20100302,0.0032,0.0061,0.0019,0,734199
20100303,0.0009,0.0017,0.0009,0,734200
20100304,0.0037,0.0009,0.0023,0,734201
20100305,0.0143,0.0039,0.0061,0,734202
20100308,0.0002,0.0008,0.0026,0,734205
20100309,0.0021,0.0024,-0.001,0,734206
20100310,0.0053,0.0005,0.0069,0,734207
20100311,0.0043,-0.0009,-0.0011,0,734208
20100312,-0.0002,0.0003,-0.0028,0,734209
20100315,-0.0002,-0.0031,-0.0048,0,734212
20100316,0.0078,-0.0014,0.0059,0,734213
20100317,0.0057,0.0004,0.0035,0,734214
20100318,-0.001,-0.0017,-0.0057,0,734215
20100319,-0.0062,-0.006,-0.0063,0,734216
20100322,0.0067,0.0089,0.0001,0,734219
20100323,0.008,0.0035,0.0036,0,734220
20100324,-0.006,-0.0064,0.0082,0,734221
20100325,-0.0026,-0.0048,-0.0028,0,734222
20100326,0.0006,-0.0008,0.0031,0,734223
20100329,0.0059,-0.0007,0.0019,0,734226
20100330,0.0004,0.0029,-0.0045,0,734227
20100331,-0.0036,-0.005,0.0015,0,734228
20100401,0.0075,-0.0001,0.0079,0.001,734229
20100405,0.0095,0.0107,0.0092,0.001,734233
20100406,0.0019,0.0024,0.0046,0.001,734234
20100407,-0.0048,0.0021,0.0024,0.001,734235
20100408,0.0031,-0.0028,0.0039,0.001,734236
20100409,0.0066,-0.0012,0.0017,0.001,734237
20100412,0.0023,0.0027,0.0006,0.001,734240
20100413,0.0007,0.0016,-0.0004,0.001,734241
20100414,0.0124,0.0087,0.0141,0.001,734242
20100415,0.0011,0.0059,-0.0004,0.001,734243
20100416,-0.0153,0.008,-0.0183,0.001,734244
20100419,0.0028,-0.0085,-0.0008,0.001,734247
20100420,0.0088,0.0066,0.0056,0.001,734248
20100421,-0.0006,0.0071,0.002,0.001,734249
20100422,0.0037,0.0081,0.0049,0.001,734250
20100423,0.007,0.0037,0.0057,0.001,734251
20100426,-0.0043,0.0045,-0.0031,0.001,734254
20100427,-0.0234,0.0011,-0.0141,0.001,734255
20100428,0.0056,-0.0074,0.0074,0.001,734256
20100429,0.0134,0.0046,0.0046,0.001,734257
20100430,-0.0172,-0.0097,-0.0092,0.001,734258
20100503,0.0136,0.0065,0.0061,0.001,734261
20100504,-0.025,-0.0058,-0.0089,0.001,734262
20100505,-0.0075,-0.0074,-0.0063,0.001,734263
20100506,-0.0327,-0.0027,-0.009,0.001,734264
20100507,-0.0175,-0.0135,-0.0048,0.001,734265
20100510,0.0447,0.0097,0.0117,0.001,734268
20100511,-0.0017,0.0116,-0.0015,0.001,734269
20100512,0.0163,0.0148,0.0019,0.001,734270
20100513,-0.0112,0.0032,-0.003,0.001,734271
20100514,-0.0192,-0.0027,-0.0076,0.001,734272
20100517,0.0011,0.0004,-0.0056,0.001,734275
20100518,-0.0141,-0.0024,-0.0096,0.001,734276
20100519,-0.0063,-0.0097,0.0003,0.001,734277
20100520,-0.0399,-0.0089,-0.0116,0.001,734278
20100521,0.0144,-0.0045,0.0158,0.001,734279
20100524,-0.0119,0.0033,-0.0091,0.001,734282
20100525,-0.0003,-0.0047,0.0054,0.001,734283
20100526,-0.0035,0.0083,0.0038,0.001,734284
20100527,0.0345,0.0066,0.0161,0.001,734285
20100528,-0.0118,0.0006,-0.0063,0.001,734286
20100601,-0.0189,-0.0109,-0.0157,0.001,734290
20100602,0.0263,0.0019,0.0043,0.001,734291
20100603,0.0054,0.007,-0.0028,0.001,734292
20100604,-0.0362,-0.0122,-0.007,0.001,734293
20100607,-0.0152,-0.0108,-0.0106,0.001,734296
20100608,0.009,-0.0147,0.0017,0.001,734297
20100609,-0.0046,0.0074,-0.0017,0.001,734298
20100610,0.0295,0.004,0.009,0.001,734299
20100611,0.0062,0.0093,0.0006,0.001,734300
20100614,-0.0006,0.0066,0.0001,0.001,734303
20100615,0.0236,0.0008,0.0091,0.001,734304
20100616,-0.0011,-0.0021,-0.0032,0.001,734305
20100617,0.0008,-0.0016,-0.0046,0.001,734306
20100618,0.0013,0,0.0024,0.001,734307
20100621,-0.0047,-0.0054,0,0.001,734310
20100622,-0.0163,-0.0034,-0.0075,0.001,734311
20100623,-0.0029,-0.0005,0.0023,0.001,734312
20100624,-0.0165,0.001,-0.0089,0.001,734313
20100625,0.0048,0.0105,0.0103,0.001,734314
20100628,-0.0023,-0.0002,-0.0071,0.001,734317
20100629,-0.0323,-0.0066,-0.0128,0.001,734318
20100630,-0.0098,0.0004,-0.0036,0.001,734319
20100701,-0.004,-0.0031,-0.0043,0.001,734320
20100702,-0.005,-0.003,-0.0043,0.001,734321
20100706,0.0033,-0.02,0.0008,0.001,734325
20100707,0.0317,0.0006,0.0045,0.001,734326
20100708,0.01,0.0057,0,0.001,734327
20100709,0.0081,0.0065,0.0058,0.001,734328
20100712,-0.0011,-0.0119,0.0005,0.001,734331
20100713,0.0176,0.0162,0.0065,0.001,734332
20100714,-0.0004,-0.0016,-0.0076,0.001,734333
20100715,0.0002,-0.0087,-0.001,0.001,734334
20100716,-0.0294,-0.0056,-0.0096,0.001,734335
20100719,0.0054,-0.0015,-0.0019,0.001,734338
20100720,0.0123,0.0065,0.0014,0.001,734339
20100721,-0.013,-0.0038,-0.0041,0.001,734340
20100722,0.0237,0.0125,0.0054,0.001,734341
20100723,0.0105,0.0147,-0.0023,0.001,734342
20100726,0.0123,0.0087,0.0011,0.001,734345
20100727,-0.0023,-0.0033,0.0035,0.001,734346
20100728,-0.0082,-0.009,-0.0003,0.001,734347
20100729,-0.0036,0.0032,0.0067,0.001,734348
20100730,0.0006,0.0003,-0.0022,0.001,734349
20100802,0.0208,-0.0054,0.0015,0.001,734352
20100803,-0.0055,-0.0041,-0.0051,0.001,734353
20100804,0.0074,0.0043,-0.001,0.001,734354
20100805,-0.0022,-0.0082,0.0013,0.001,734355
20100806,-0.0036,-0.0017,-0.0034,0.001,734356
20100809,0.0062,0.0062,0.0005,0.001,734359
20100810,-0.0079,-0.0123,-0.0021,0.001,734360
20100811,-0.0291,-0.0107,-0.0065,0.001,734361
20100812,-0.005,-0.0007,-0.0005,0.001,734362
20100813,-0.0047,-0.008,0.0024,0.001,734363
20100816,0.001,0.0092,-0.002,0.001,734366
20100817,0.0131,0.0059,-0.0018,0.001,734367
20100818,0.0021,0.0006,0.0007,0.001,734368
20100819,-0.0174,-0.0082,-0.0042,0.001,734369
20100820,-0.0028,0.0027,-0.0023,0.001,734370
20100823,-0.005,-0.0094,-0.0044,0.001,734373
20100824,-0.0148,0.0014,0.0014,0.001,734374
20100825,0.0045,0.0104,0.0001,0.001,734375
20100826,-0.0076,-0.0008,-0.0026,0.001,734376
20100827,0.0182,0.0092,0.0037,0.001,734377
20100830,-0.0154,-0.0082,-0.004,0.001,734380
20100831,0.0001,-0.0026,0.0077,0.001,734381
20100901,0.0305,0.0062,0.0047,0.001,734382
20100902,0.0097,0.0026,-0.0031,0.001,734383
20100903,0.0135,0.0035,0.002,0.001,734384
20100907,-0.0123,-0.0079,-0.0074,0.001,734388
20100908,0.0065,0.0002,0.0017,0.001,734389
20100909,0.0044,-0.0048,0.0054,0.001,734390
20100910,0.0045,-0.0009,-0.0013,0.001,734391
20100913,0.013,0.0112,0.0021,0.001,734394
20100914,-0.0006,-0.0023,-0.0052,0.001,734395
20100915,0.0036,0.001,-0.0023,0.001,734396
20100916,-0.0007,-0.0051,-0.0069,0.001,734397
20100917,0.0015,0.0061,-0.0058,0.001,734398
20100920,0.016,0.0113,0.0023,0.001,734401
20100921,-0.0031,-0.0027,-0.0032,0.001,734402
20100922,-0.0052,-0.0056,-0.0053,0.001,734403
20100923,-0.0078,-0.0007,-0.0068,0.001,734404
20100924,0.0219,0.0098,0.0048,0.001,734405
20100927,-0.0046,0.0021,-0.0044,0.001,734408
20100928,0.0058,0.0053,0.001,0.001,734409
20100929,-0.0017,0.0066,-0.0025,0.001,734410
20100930,-0.0026,0.0004,0.0029,0.001,734411
20101001,0.0043,-0.0006,0.0021,0.001,734412
20101004,-0.0088,-0.0072,-0.0007,0.001,734415
20101005,0.0211,0.0077,0.0014,0.001,734416
20101006,-0.001,-0.0039,0.0047,0.001,734417
20101007,-0.0016,0.0005,-0.0028,0.001,734418
20101008,0.0074,0.0096,-0.0013,0.001,734419
20101011,0.0004,0.0002,-0.0022,0.001,734422
20101012,0.0039,-0.0004,0.0019,0.001,734423
20101013,0.0078,0.0087,-0.0036,0.001,734424
20101014,-0.0038,0.0041,-0.0041,0.001,734425
20101015,0.0018,-0.0005,-0.0128,0.001,734426
20101018,0.0069,0.0006,0.0085,0.001,734429
20101019,-0.0167,-0.0068,0.0026,0.001,734430
20101020,0.0106,0.0007,0.0009,0.001,734431
20101021,0.0011,-0.0053,-0.0051,0.001,734432
20101022,0.0029,0.0046,-0.0043,0.001,734433
20101025,0.0031,0.0047,-0.0052,0.001,734436
20101026,0.0002,0.0001,-0.0017,0.001,734437
20101027,-0.0024,-0.0018,-0.0022,0.001,734438
20101028,0.0008,-0.006,-0.0006,0.001,734439
20101029,0.0007,0.0033,-0.0011,0.001,734440
20101101,-0.0001,-0.0065,-0.0021,0.001,734443
20101102,0.009,0.0134,-0.0017,0.001,734444
20101103,0.0038,-0.0006,0.0017,0.001,734445
20101104,0.0194,0.0047,0.0105,0.001,734446
20101105,0.0041,-0.001,0.0068,0.001,734447
20101108,-0.0012,0.0045,-0.0048,0.001,734450
20101109,-0.0078,-0.0041,-0.0049,0.001,734451
20101110,0.0053,0.0058,0.0055,0.001,734452
20101111,-0.0035,-0.0006,-0.0007,0.001,734453
20101112,-0.0129,-0.0049,-0.0006,0.001,734454
20101115,-0.0009,0.002,0.0032,0.001,734457
20101116,-0.0158,-0.0034,-0.0015,0.001,734458
20101117,0.0007,0.0034,-0.0029,0.001,734459
20101118,0.0157,0.0031,-0.003,0.001,734460
20101119,0.0031,0.0021,-0.0018,0.001,734461
20101122,-0.0002,0.006,-0.0094,0.001,734464
20101123,-0.0138,0.0048,-0.0029,0.001,734465
20101124,0.0159,0.0066,0.0003,0.001,734466
20101126,-0.0067,0.003,-0.0035,0.001,734468
20101129,-0.0013,0.0001,0.0042,0.001,734471
20101130,-0.0059,-0.0021,-0.0003,0.001,734472
20101201,0.0212,-0.0009,0.0001,0.001,734473
20101202,0.0123,-0.0031,0.0066,0.001,734474
20101203,0.0035,0.0039,0.0005,0.001,734475
20101206,-0.0003,0.0076,-0.0006,0.001,734478
20101207,0.001,0.0036,-0.0001,0.001,734479
20101208,0.0032,-0.0051,0.0062,0.001,734480
20101209,0.0042,-0.0001,0.0065,0.001,734481
20101210,0.0067,0.0044,0.0024,0.001,734482
20101213,-0.0008,-0.0058,0.0007,0.001,734485
20101214,0.0009,-0.0004,-0.0011,0.001,734486
20101215,-0.0049,0.002,-0.0055,0.001,734487
20101216,0.007,0.0043,-0.0011,0.001,734488
20101217,0.0015,0.0015,-0.0013,0.001,734489
20101220,0.0023,0.0001,0.0033,0.001,734492
20101221,0.0068,0.0035,0.0073,0.001,734493
20101222,0.0029,-0.0039,0.0082,0.001,734494
20101223,-0.0016,0.0007,-0.0032,0.001,734495
20101227,0.0008,0.0022,0.0044,0.001,734499
20101228,0,-0.0043,0.0018,0.001,734500
20101229,0.0017,0.0011,-0.0016,0.001,734501
20101230,-0.0011,0.0014,-0.0003,0.001,734502
20101231,-0.001,-0.0064,0.0023,0.001,734503
20110103,0.0118,0.0053,0.0079,0,734506
20110104,-0.0026,-0.0138,0.0011,0,734507
20110105,0.0059,0.0061,0.0014,0,734508
20110106,-0.0015,-0.0006,-0.0032,0,734509
20110107,-0.0021,-0.0026,-0.0031,0,734510
20110110,-0.0002,0.0056,-0.0015,0,734513
20110111,0.0039,0.0012,0.0022,0,734514
20110112,0.0087,-0.0006,0.0025,0,734515
20110113,-0.0017,0.0013,-0.0038,0,734516
20110114,0.0069,0.0002,0.0049,0,734517
20110118,0.0018,0.0007,-0.0042,0,734521
20110119,-0.0124,-0.0137,-0.0054,0,734522
20110120,-0.003,-0.0104,0.0076,0,734523
20110121,0.0011,-0.0089,0.0056,0,734524
20110124,0.0065,0.0031,-0.0022,0,734527
20110125,0.0002,-0.0002,0.001,0,734528
20110126,0.006,0.0137,-0.0022,0,734529
20110127,0.0026,-0.0009,0.0029,0,734530
20110128,-0.0188,-0.0088,-0.0003,0,734531
20110131,0.0071,-0.0001,-0.0027,0,734534
20110201,0.0175,0.005,0.0053,0.001,734535
20110202,-0.0026,-0.0008,-0.004,0.001,734536
20110203,0.0026,-0.0006,-0.001,0.001,734537
20110204,0.0029,0.0009,-0.0056,0.001,734538
20110207,0.007,0.0027,0.0059,0.001,734541
20110208,0.0048,0.0023,0,0.001,734542
20110209,-0.0031,-0.002,-0.0009,0.001,734543
20110210,0.0012,0.0035,-0.003,0.001,734544
20110211,0.0067,0.0042,0.0051,0.001,734545
20110214,0.003,0.0022,-0.0015,0.001,734548
20110215,-0.0038,-0.0037,0.003,0.001,734549
20110216,0.0068,0.0038,0.0026,0.001,734550
20110217,0.0037,0.0038,0.0021,0.001,734551
20110218,0.0012,-0.0014,-0.0003,0.001,734552
20110222,-0.0219,-0.0053,-0.0035,0.001,734556
20110223,-0.0078,-0.0118,0.004,0.001,734557
20110224,0.0004,0.0072,-0.0032,0.001,734558
20110225,0.0122,0.0101,0.0022,0.001,734559
20110228,0.0042,-0.0045,0.0027,0.001,734562
20110301,-0.0158,-0.003,-0.0006,0,734563
20110302,0.0028,0.0033,-0.0023,0,734564
20110303,0.0176,0.0045,-0.0004,0,734565
20110304,-0.0067,0.003,-0.0053,0,734566
20110307,-0.0096,-0.0072,0.0012,0,734569
20110308,0.0097,0.0046,0.0067,0,734570
20110309,-0.0017,-0.0026,0.0032,0,734571
20110310,-0.0193,-0.0074,-0.0031,0,734572
20110311,0.0069,-0.0034,0.0014,0,734573
20110314,-0.0059,0.001,-0.004,0,734576
20110315,-0.0105,0.0027,-0.0014,0,734577
20110316,-0.0177,0.0064,-0.0007,0,734578
20110317,0.0112,-0.0082,0.0058,0,734579
20110318,0.0049,0.0058,0.0023,0,734580
20110321,0.0158,0.0096,-0.0026,0,734583
20110322,-0.0034,-0.0009,-0.0004,0,734584
20110323,0.0031,0.0016,-0.0039,0,734585
20110324,0.0096,-0.0011,-0.0042,0,734586
20110325,0.0041,0.0043,-0.0004,0,734587
20110328,-0.0035,0.0005,-0.0018,0,734590
20110329,0.0074,0.0026,-0.0019,0,734591
20110330,0.0079,0.0043,0.0008,0,734592
20110331,-0.0011,0.0059,-0.0031,0,734593
20110401,0.0052,-0.001,0.0024,0,734594
20110404,0.0009,0.0025,-0.0011,0,734597
20110405,0.0008,0.0047,-0.002,0,734598
20110406,0.0021,-0.002,0.006,0,734599
20110407,-0.002,-0.0021,-0.0016,0,734600
20110408,-0.0047,-0.0056,-0.0027,0,734601
20110411,-0.0039,-0.0065,-0.0011,0,734604
20110412,-0.0084,-0.0066,0.0003,0,734605
20110413,0.0011,0.0015,-0.0068,0,734606
20110414,0,0.0037,-0.0035,0,734607
20110415,0.0044,0.0058,-0.0006,0,734608
20110418,-0.0115,-0.0039,-0.0034,0,734611
20110419,0.005,-0.0035,-0.0016,0,734612
20110420,0.0145,0.0061,-0.0061,0,734613
20110421,0.0056,0.0032,-0.0006,0,734614
20110425,-0.0016,-0.0006,-0.0004,0,734618
20110426,0.0089,0.0015,-0.0003,0,734619
20110427,0.0066,-0.0008,-0.0023,0,734620
20110428,0.0032,-0.0014,0.0012,0,734621
20110429,0.0029,0.0021,-0.0005,0,734622
20110502,-0.0028,-0.009,-0.0014,0,734625
20110503,-0.005,-0.0101,0.0044,0,734626
20110504,-0.0074,-0.0055,-0.0015,0,734627
20110505,-0.0082,0.0051,-0.0033,0,734628
20110506,0.0046,0.0004,-0.0017,0,734629
20110509,0.0055,0.0067,-0.0043,0,734632
20110510,0.0086,0.0066,0.0023,0,734633
20110511,-0.0109,-0.0062,-0.0043,0,734634
20110512,0.0052,0.0036,-0.0043,0,734635
20110513,-0.0088,-0.0046,-0.0032,0,734636
20110516,-0.0076,-0.01,0.0044,0,734639
20110517,-0.0011,-0.0048,0.0012,0,734640
20110518,0.0102,0.0068,-0.003,0,734641
20110519,0.0022,-0.0003,-0.0012,0,734642
20110520,-0.0073,0.0008,-0.0021,0,734643
20110523,-0.0129,-0.0053,0.0001,0,734646
20110524,-0.0014,-0.0029,-0.0001,0,734647
20110525,0.0045,0.0102,-0.0036,0,734648
20110526,0.0052,0.0066,-0.0015,0,734649
20110527,0.0049,0.0018,0.0023,0,734650
20110531,0.0104,0.0042,-0.0006,0,734654
20110601,-0.0233,-0.0075,-0.0025,0,734655
20110602,-0.001,-0.0003,0.0012,0,734656
20110603,-0.011,-0.0055,0.0018,0,734657
20110606,-0.0118,-0.0027,-0.0033,0,734660
20110607,-0.0004,0.0031,-0.0012,0,734661
20110608,-0.0054,-0.0073,0.0004,0,734662
20110609,0.0075,-0.0007,0.0002,0,734663
20110610,-0.0137,-0.0024,0.0044,0,734664
20110613,0.0001,-0.0055,0.0037,0,734667
20110614,0.0136,0.0105,-0.0038,0,734668
20110615,-0.0172,-0.0002,-0.0015,0,734669
20110616,0.0012,-0.0008,0.0043,0,734670
20110617,0.0025,-0.0039,0.0065,0,734671
20110620,0.0058,0.0038,-0.0008,0,734674
20110621,0.0152,0.0095,-0.0039,0,734675
20110622,-0.0062,-0.0009,0.0007,0,734676
20110623,-0.0014,0.0064,-0.0083,0,734677
20110624,-0.011,0.0045,0.0013,0,734678
20110627,0.0089,0.0004,-0.0005,0,734681
20110628,0.0136,0.0041,-0.0053,0,734682
20110629,0.0077,-0.0069,0.0066,0,734683
20110630,0.0099,0.0017,-0.0025,0,734684
20110701,0.0145,-0.0003,0.0014,0,734685
20110705,-0.0008,0.0021,-0.0084,0,734689
20110706,0.0018,0.0042,-0.0056,0,734690
20110707,0.011,0.0048,0.0009,0,734691
20110708,-0.0067,-0.0001,-0.0042,0,734692
20110711,-0.0191,-0.0014,-0.0028,0,734695
20110712,-0.0045,0.0005,0.0045,0,734696
20110713,0.0045,0.0057,-0.0012,0,734697
20110714,-0.0082,-0.008,0.0012,0,734698
20110715,0.0058,0.0011,-0.0052,0,734699
20110718,-0.0094,-0.0059,-0.0037,0,734702
20110719,0.0172,0.0057,-0.0067,0,734703
20110720,-0.001,-0.003,0.0073,0,734704
20110721,0.0129,-0.0035,0.0106,0,734705
20110722,0.001,-0.001,-0.0074,0,734706
20110725,-0.0068,-0.0058,0.0009,0,734709
20110726,-0.0047,-0.0038,0.0015,0,734710
20110727,-0.0216,-0.0081,0.0043,0,734711
20110728,-0.0031,0.0015,-0.0012,0,734712
20110729,-0.0056,0.0023,0.0011,0,734713
20110801,-0.004,-0.0018,0.0021,0,734716
20110802,-0.0268,-0.0049,0.0015,0,734717
20110803,0.0058,0.0027,-0.0033,0,734718
20110804,-0.0504,-0.0083,0.0031,0,734719
20110805,-0.0036,-0.0123,-0.0046,0,734720
20110808,-0.0697,-0.0145,-0.0156,0,734723
20110809,0.0497,0.0093,0.0066,0,734724
20110810,-0.043,-0.0055,-0.0149,0,734725
20110811,0.0472,0.0032,0.0061,0,734726
20110812,0.0054,-0.0019,-0.0148,0,734727
20110815,0.0225,0.0044,0.0099,0,734730
20110816,-0.0107,-0.0079,-0.001,0,734731
20110817,-0.0001,-0.0033,0.0071,0,734732
20110818,-0.0465,-0.0102,0.0058,0,734733
20110819,-0.0155,0.0016,-0.0037,0,734734
20110822,-0.0003,0.0008,-0.0081,0,734737
20110823,0.036,0.0124,-0.008,0,734738
20110824,0.0135,-0.0015,0.0096,0,734739
20110825,-0.0167,-0.0099,0.0054,0,734740
20110826,0.0174,0.0091,-0.0106,0,734741
20110829,0.0311,0.0156,0.0082,0,734744
20110830,0.0032,0.0026,-0.0077,0,734745
20110831,0.0042,-0.0073,0.0026,0,734746
20110901,-0.0133,-0.011,-0.0077,0,734747
20110902,-0.0264,-0.0081,-0.0067,0,734748
20110906,-0.0071,0.005,-0.0064,0,734752
20110907,0.0306,0.0094,0.0092,0,734753
20110908,-0.0118,-0.0076,-0.0056,0,734754
20110909,-0.0265,-0.0017,0.0003,0,734755
20110912,0.0068,0.0001,0.0031,0,734758
20110913,0.0112,0.0076,-0.0041,0,734759
20110914,0.0145,0.0044,-0.004,0,734760
20110915,0.0164,-0.0055,0.0054,0,734761
20110916,0.0047,-0.0039,-0.0035,0,734762
20110919,-0.0099,-0.0053,-0.0123,0,734765
20110920,-0.0045,-0.0149,0.0024,0,734766
20110921,-0.0292,-0.0036,-0.0123,0,734767
20110922,-0.0329,0.0012,0.0046,0,734768
20110923,0.0074,0.0066,-0.0002,0,734769
20110926,0.0228,-0.0064,0.0124,0,734772
20110927,0.0122,0.0107,-0.0055,0,734773
20110928,-0.0229,-0.0165,-0.0018,0,734774
20110929,0.0077,0.0058,0.0204,0,734775
20110930,-0.025,-0.0016,-0.0008,0,734776
20111003,-0.0318,-0.0192,-0.0062,0,734779
20111004,0.0268,0.0361,0.0034,0,734780
20111005,0.0192,-0.002,-0.0045,0,734781
20111006,0.0194,0.0025,0.0051,0,734782
20111007,-0.0098,-0.0127,-0.0134,0,734783
20111010,0.0344,0.0047,0.006,0,734786
20111011,0.0015,0.0069,-0.0017,0,734787
20111012,0.0107,0.005,0.009,0,734788
20111013,-0.0021,0.0025,-0.0121,0,734789
20111014,0.0172,0.0015,-0.0037,0,734790
20111017,-0.0206,-0.0129,-0.0045,0,734793
20111018,0.0211,0.0063,0.0151,0,734794
20111019,-0.0138,-0.0077,0.0037,0,734795
20111020,0.0042,-0.003,0.007,0,734796
20111021,0.0192,0.0014,0.0001,0,734797
20111024,0.0159,0.0176,-0.0038,0,734800
20111025,-0.0213,-0.0089,-0.0034,0,734801
20111026,0.0112,0.007,0.0078,0,734802
20111027,0.0354,0.0141,0.0083,0,734803
20111028,-0.0001,-0.0057,-0.0045,0,734804
20111031,-0.025,0.0005,-0.008,0,734807
20111101,-0.0286,-0.0053,-0.0108,0,734808
20111102,0.0172,0.0077,0.01,0,734809
20111103,0.0197,0.0059,-0.0012,0,734810
20111104,-0.0053,0.0003,-0.0058,0,734811
20111107,0.0048,-0.0071,0.004,0,734814
20111108,0.0121,0,0.0047,0,734815
20111109,-0.0378,-0.0081,-0.0064,0,734816
20111110,0.0083,0.0005,0.0057,0,734817
20111111,0.0198,0.0048,-0.0022,0,734818
20111114,-0.0092,-0.0047,-0.008,0,734821
20111115,0.0056,0.0088,-0.0026,0,734822
20111116,-0.0164,-0.0016,-0.0019,0,734823
20111117,-0.0165,0.0019,0.0019,0,734824
20111118,-0.0007,0.0006,0.0091,0,734825
20111121,-0.0187,-0.005,-0.0007,0,734828
20111122,-0.0044,-0.0026,-0.0056,0,734829
20111123,-0.0229,-0.007,-0.0029,0,734830
20111125,-0.0034,-0.01,0.0047,0,734832
20111128,0.031,0.0162,-0.007,0,734835
20111129,0.0018,-0.0049,0.0017,0,734836
20111130,0.0444,0.0105,0.0108,0,734837
20111201,-0.0022,-0.005,-0.0065,0,734838
20111202,0.0005,0.0045,0.0064,0,734839
20111205,0.0109,0.0027,0.003,0,734842
20111206,0.0004,-0.0008,0.0008,0,734843
20111207,0.0016,-0.0031,0.0073,0,734844
20111208,-0.0223,-0.0074,-0.0099,0,734845
20111209,0.0183,0.0132,0.0007,0,734846
20111212,-0.0148,0.0004,-0.0044,0,734849
20111213,-0.0105,-0.0104,0.0012,0,734850
20111214,-0.0121,-0.0026,0.0091,0,734851
20111215,0.004,0.0065,0.0012,0,734852
20111216,0.0045,0.0023,-0.001,0,734853
20111219,-0.0131,-0.0043,-0.007,0,734856
20111220,0.031,0.008,0.0031,0,734857
20111221,0.002,-0.0003,0.0131,0,734858
20111222,0.0083,-0.0021,0.0069,0,734859
20111223,0.0084,-0.0058,-0.0016,0,734860
20111227,0.0004,0.0047,-0.0052,0,734864
20111228,-0.0134,-0.0073,-0.0004,0,734865
20111229,0.011,0.0019,0.0024,0,734866
20111230,-0.004,-0.0007,-0.0014,0,734867
20120103,0.015,-0.0016,0.0087,0,734871
20120104,0,-0.0066,0.0009,0,734872
20120105,0.0039,0.0019,0.0014,0,734873
20120106,-0.0019,0.0001,-0.0026,0,734874
20120109,0.0028,0.0023,-0.0005,0,734877
20120110,0.0097,0.004,0.004,0,734878
20120111,0.0013,0.0016,0.0035,0,734879
20120112,0.0031,0.003,0.0001,0,734880
20120113,-0.0052,-0.0026,-0.0045,0,734881
20120117,0.0036,-0.0011,-0.0072,0,734885
20120118,0.0122,0.0056,0.0015,0,734886
20120119,0.0051,-0.0015,-0.0022,0,734887
20120120,0.0003,0.0024,0.0065,0,734888
20120123,0.0002,-0.0027,0.0013,0,734891
20120124,0,0.0084,-0.004,0,734892
20120125,0.0091,0.0011,-0.0072,0,734893
20120126,-0.0059,0.0025,-0.0055,0,734894
20120127,0.0001,0.0085,-0.0011,0,734895
20120130,-0.0031,-0.0045,-0.003,0,734898
20120131,-0.0005,-0.0005,0.0002,0,734899
20120201,0.011,0.0112,0.0036,0,734900
20120202,0.0017,0.0041,-0.0005,0,734901
20120203,0.0158,0.0059,0.0033,0,734902
20120206,-0.0005,-0.0027,-0.002,0,734905
20120207,0.0016,-0.0029,-0.0009,0,734906
20120208,0.0025,-0.0013,0.0042,0,734907
20120209,0.0015,-0.0035,-0.0038,0,734908
20120210,-0.0075,-0.0059,-0.001,0,734909
20120213,0.0075,0.0059,-0.0006,0,734912
20120214,-0.0009,-0.0041,-0.0041,0,734913
20120215,-0.005,-0.0023,0.001,0,734914
20120216,0.0127,0.0069,0.0028,0,734915
20120217,0.0016,-0.003,0.005,0,734916
20120221,-0.0005,-0.0066,0.0037,0,734920
20120222,-0.0039,-0.0038,-0.0064,0,734921
20120223,0.0056,0.0091,-0.0008,0,734922
20120224,0.0015,-0.0044,-0.0065,0,734923
20120227,0.0014,-0.0021,0.0036,0,734926
20120228,0.0028,-0.0063,-0.0014,0,734927
20120229,-0.0055,-0.0103,0.002,0,734928
20120301,0.0064,-0.0023,0.0002,0,734929
20120302,-0.0046,-0.0126,0,0,734930
20120305,-0.004,0.0045,0.0026,0,734933
20120306,-0.0162,-0.0033,-0.0033,0,734934
20120307,0.008,0.0031,0.0022,0,734935
20120308,0.0107,0.0037,-0.003,0,734936
20120309,0.0049,0.009,0.0015,0,734937
20120312,-0.0007,-0.0021,-0.0003,0,734940
20120313,0.0186,0.0009,0.0089,0,734941
20120314,-0.0023,-0.0062,-0.0022,0,734942
20120315,0.0067,0.0027,0.0051,0,734943
20120316,0.0006,-0.0027,0.0039,0,734944
20120319,0.0041,0.0052,-0.001,0,734947
20120320,-0.0039,-0.0065,0.0031,0,734948
20120321,-0.001,0.003,-0.004,0,734949
20120322,-0.0074,-0.0013,-0.0043,0,734950
20120323,0.0039,0.0059,0.0032,0,734951
20120326,0.0145,0.0047,-0.0024,0,734954
20120327,-0.003,-0.0034,-0.0032,0,734955
20120328,-0.0051,-0.0002,0.0042,0,734956
20120329,-0.0016,-0.0002,-0.0023,0,734957
20120330,0.0028,-0.0071,-0.0004,0,734958
20120402,0.0077,0.0034,0.0004,0,734961
20120403,-0.0034,-0.0029,-0.0032,0,734962
20120404,-0.0111,-0.0058,0.0004,0,734963
20120405,-0.0003,-0.0008,-0.0048,0,734964
20120409,-0.0121,-0.0045,-0.0004,0,734968
20120410,-0.0185,-0.0041,0.0009,0,734969
20120411,0.0085,0.0076,0.0028,0,734970
20120412,0.0144,0.0007,0.0031,0,734971
20120413,-0.0125,-0.0015,-0.0076,0,734972
20120416,-0.0009,0.0014,0.0085,0,734975
20120417,0.0155,0.0006,-0.0024,0,734976
20120418,-0.0043,-0.0048,-0.0041,0,734977
20120419,-0.0057,-0.0004,0.003,0,734978
20120420,0.0011,0.0054,-0.0009,0,734979
20120423,-0.0095,-0.0057,0.0015,0,734982
20120424,0.0029,0.0022,0.0099,0,734983
20120425,0.0144,0.0041,-0.0104,0,734984
20120426,0.0075,-0.0004,-0.0003,0,734985
20120427,0.0035,0.0071,-0.0018,0,734986
20120430,-0.0049,-0.0061,0.0009,0,734989
20120501,0.0048,-0.0084,0.0039,0,734990
20120502,-0.0015,0.007,-0.0059,0,734991
20120503,-0.0092,-0.0064,0.0011,0,734992
20120504,-0.0162,-0.0021,0.0012,0,734993
20120507,0.0004,0.0014,0.0049,0,734996
20120508,-0.0041,0.0035,0.0036,0,734997
20120509,-0.0062,0.0017,-0.0025,0,734998
20120510,0.0029,0.0006,0.0056,0,734999
20120511,-0.0029,0.0022,-0.0094,0,735000
20120514,-0.0114,-0.0007,-0.0011,0,735003
20120515,-0.0052,0.0051,-0.0021,0,735004
20120516,-0.0044,-0.0017,-0.0044,0,735005
20120517,-0.0164,-0.0052,0.0043,0,735006
20120518,-0.008,-0.0018,0.0016,0,735007
20120521,0.0169,0.0067,-0.0118,0,735010
20120522,0,-0.0086,0.0029,0,735011
20120523,0.0026,0.0049,-0.0027,0,735012
20120524,0.0016,-0.0002,0.002,0,735013
20120525,-0.0016,0.0023,-0.001,0,735014
20120529,0.0114,0.0017,-0.0001,0,735018
20120530,-0.0147,-0.0028,-0.0025,0,735019
20120531,-0.0023,0.0014,0.0056,0,735020
20120601,-0.026,-0.0054,0.0021,0,735021
20120604,-0.0005,0.001,-0.0056,0,735024
20120605,0.0068,0.0027,0.0007,0,735025
20120606,0.0232,0.0007,0.0022,0,735026
20120607,-0.001,-0.0046,0.0013,0,735027
20120608,0.0085,0.0021,0.0001,0,735028
20120611,-0.014,-0.0088,-0.0005,0,735031
20120612,0.0116,0.001,0.0009,0,735032
20120613,-0.0077,-0.0051,0.0036,0,735033
20120614,0.0104,0.0018,0.0037,0,735034
20120615,0.0107,0.0011,-0.0006,0,735035
20120618,0.0021,0.0012,-0.0085,0,735038
20120619,0.0109,0.0069,0.0015,0,735039
20120620,-0.0014,-0.001,0.0015,0,735040
20120621,-0.0226,-0.0009,0.0012,0,735041
20120622,0.0079,0.0067,0.0007,0,735042
20120625,-0.0162,0.0008,-0.0014,0,735045
20120626,0.0052,-0.0012,-0.0006,0,735046
20120627,0.0092,0.0039,0.0048,0,735047
20120628,-0.0024,0.0016,0.0043,0,735048
20120629,0.0255,0.0039,-0.007,0,735049
20120702,0.0033,0.0072,-0.0004,0,735052
20120703,0.0076,0.0071,0.0007,0,735053
20120705,-0.0036,0.0058,-0.0088,0,735055
20120706,-0.0099,-0.0042,0.0036,0,735056
20120709,-0.0023,-0.0026,-0.0025,0,735059
20120710,-0.0084,-0.0038,0.0031,0,735060
20120711,-0.0008,-0.004,0.0074,0,735061
20120712,-0.005,0.0023,-0.0082,0,735062
20120713,0.0162,-0.004,0.0057,0,735063
20120716,-0.0031,-0.0041,-0.0026,0,735066
20120717,0.0067,-0.0054,0.0024,0,735067
20120718,0.0071,0.003,-0.0079,0,735068
20120719,0.0027,-0.0035,-0.0098,0,735069
20120720,-0.0106,-0.0032,0.0007,0,735070
20120723,-0.0102,-0.007,0.002,0,735073
20120724,-0.0099,-0.0057,0.0026,0,735074
20120725,-0.0001,0.0027,-0.0005,0,735075
20120726,0.0153,-0.0082,0.0039,0,735076
20120727,0.0196,0.0059,0.0007,0,735077
20120730,-0.0013,-0.004,0.0026,0,735080
20120731,-0.0047,0,0.0026,0,735081
20120801,-0.005,-0.016,0.0028,0,735082
20120802,-0.0069,0.0025,-0.0041,0,735083
20120803,0.0199,0.0054,0.0056,0,735084
20120806,0.0034,0.0057,0.0007,0,735087
20120807,0.0064,0.0033,0.0007,0,735088
20120808,0.0009,-0.0025,0.0057,0,735089
20120809,0.0012,0.0037,0.001,0,735090
20120810,0.0017,-0.0034,-0.0002,0,735091
20120813,-0.0014,-0.0015,0,0,735094
20120814,-0.0003,-0.0043,-0.0005,0,735095
20120815,0.0027,0.0074,-0.0007,0,735096
20120816,0.0075,0.0047,-0.0017,0,735097
20120817,0.0027,0.0059,0.0011,0,735098
20120820,-0.0006,-0.0046,0.0059,0,735101
20120821,-0.0031,0.001,0.004,0,735102
20120822,0,-0.0044,-0.0035,0,735103
20120823,-0.0078,-0.0001,-0.0035,0,735104
20120824,0.0061,-0.0027,-0.0003,0,735105
20120827,-0.0006,0.0012,-0.0012,0,735108
20120828,0.0001,0.006,-0.0009,0,735109
20120829,0.0015,0.0025,0.0012,0,735110
20120830,-0.008,-0.0045,0,0,735111
20120831,0.0052,-0.0007,0,0,735112
20120904,0.0008,0.0097,-0.0017,0,735116
20120905,-0.0005,-0.0007,0.0031,0,735117
20120906,0.0207,-0.001,0.0034,0,735118
20120907,0.0045,-0.0001,0.0078,0,735119
20120910,-0.0057,0.0029,-0.0007,0,735122
20120911,0.0028,0.0002,0.0054,0,735123
20120912,0.0027,0.0012,0.0031,0,735124
20120913,0.0156,-0.004,0.0056,0,735125
20120914,0.0054,0.0056,0.0048,0,735126
20120917,-0.0042,-0.0018,-0.0079,0,735129
20120918,-0.0015,-0.0001,-0.0024,0,735130
20120919,0.0018,-0.0015,0.0005,0,735131
20120920,-0.0013,-0.0042,-0.0017,0,735132
20120921,0.0004,0.0049,-0.0003,0,735133
20120924,-0.0026,-0.0022,0.0033,0,735136
20120925,-0.0111,-0.0034,-0.0036,0,735137
20120926,-0.0057,-0.0003,0.0004,0,735138
20120927,0.0099,0.0024,-0.0015,0,735139
20120928,-0.0046,-0.0031,-0.0025,0,735140
20121001,0.0026,0.0007,0.0024,0,735143
20121002,0.001,-0.0015,0.0027,0,735144
20121003,0.0036,-0.0066,-0.0002,0,735145
20121004,0.0076,-0.002,0.0077,0,735146
20121005,-0.0003,-0.0018,0.0022,0,735147
20121008,-0.0036,-0.0024,0.0022,0,735150
20121009,-0.0105,-0.003,0.0035,0,735151
20121010,-0.0058,0.0038,0.0026,0,735152
20121011,0.0011,0.0033,0.0068,0,735153
20121012,-0.0034,-0.0031,-0.009,0,735154
20121015,0.0079,-0.0015,0.0017,0,735157
20121016,0.01,-0.0021,-0.0024,0,735158
20121017,0.0049,0.0015,0.0113,0,735159
20121018,-0.0031,-0.0059,0.0027,0,735160
20121019,-0.0168,-0.004,0.0047,0,735161
20121022,0.0001,-0.0004,0.0018,0,735164
20121023,-0.0129,0.0098,-0.0051,0,735165
20121024,-0.0028,-0.0015,0.0043,0,735166
20121025,0.0027,0.0017,-0.0008,0,735167
20121026,-0.0007,-0.0013,-0.004,0,735168
20121031,0.0014,0.005,0.0037,0,735173
20121101,0.0119,0.0015,0.0021,0,735174
20121102,-0.0104,-0.0055,0.0025,0,735175
20121105,0.0028,0.0043,-0.0022,0,735178
20121106,0.008,-0.0004,0.0055,0,735179
20121107,-0.0231,-0.0003,-0.0146,0,735180
20121108,-0.0124,-0.0028,0.0042,0,735181
20121109,0.0015,0.0003,-0.0015,0,735182
20121112,0,-0.0018,0.0005,0,735185
20121113,-0.004,-0.0021,-0.003,0,735186
20121114,-0.014,-0.0036,-0.0024,0,735187
20121115,-0.0024,-0.0043,0.0017,0,735188
20121116,0.0058,0.0008,0.0003,0,735189
20121119,0.0198,0.0025,0,0,735192
20121120,0.0011,-0.0006,0.0015,0,735193
20121121,0.0031,0.0038,-0.0006,0,735194
20121123,0.0128,-0.0015,0.0007,0,735196
20121126,-0.0014,0.0054,-0.0017,0,735199
20121127,-0.0043,0.0044,-0.0022,0,735200
20121128,0.0083,0.0002,-0.0028,0,735201
20121129,0.0054,0.0069,-0.0002,0,735202
20121130,0.0002,-0.0014,0.0027,0,735203
20121203,-0.0046,0.0028,0.0022,0.001,735206
20121204,-0.0016,0.0035,-0.0006,0.001,735207
20121205,0.0017,-0.0066,0.0099,0.001,735208
20121206,0.0031,-0.0018,-0.0015,0.001,735209
20121207,0.0027,-0.0043,0.0034,0.001,735210
20121210,0.0011,0.0047,0.0002,0.001,735213
20121211,0.0068,0.0046,-0.0006,0.001,735214
20121212,-0.0002,-0.007,0.0054,0.001,735215
20121213,-0.0057,0.0003,0.0006,0.001,735216
20121214,-0.0034,0.0031,0.0025,0.001,735217
20121217,0.0116,-0.0007,0.0059,0.001,735220
20121218,0.012,0.0032,0.0007,0.001,735221
20121219,-0.006,0.006,0.0024,0.001,735222
20121220,0.0053,-0.0023,0.0072,0.001,735223
20121221,-0.0088,0.0043,-0.0033,0.001,735224
20121224,-0.0024,-0.0021,0,0.001,735227
20121226,-0.0054,-0.0016,0.0034,0.001,735229
20121227,-0.0011,0,-0.0017,0.001,735230
20121228,-0.01,0.0045,0.0001,0.001,735231
20121231,0.0171,0.0042,-0.0007,0.001,735234
20130102,0.0262,0.0015,0.0035,0,735236
20130103,-0.0014,0.0012,0.0004,0,735237
20130104,0.0055,0.0011,0.0043,0,735238
20130107,-0.0031,-0.0009,-0.0037,0,735241
20130108,-0.0027,0.0005,-0.0007,0,735242
20130109,0.0034,0.0029,-0.0041,0,735243
20130110,0.0066,-0.0066,0.0051,0,735244
20130111,0.0002,0.0008,-0.0045,0,735245
20130114,-0.0006,0.0004,-0.0008,0,735248
20130115,0.0019,0.0024,0,0,735249
20130116,-0.0004,-0.0024,0.0023,0,735250
20130117,0.0061,0.0043,-0.0009,0,735251
20130118,0.0029,0.0003,-0.0011,0,735252
20130122,0.0048,0.0016,0.0046,0,735256
20130123,0.001,-0.0029,-0.0012,0,735257
20130124,0.0009,0.0026,0.0005,0,735258
20130125,0.0059,-0.0004,-0.0028,0,735259
20130128,-0.0014,0.0038,0.0012,0,735262
20130129,0.0036,-0.0045,0.0036,0,735263
20130130,-0.0038,-0.0088,0.0012,0,735264
20130131,-0.0008,0.0068,0.0019,0,735265
20130201,0.0099,0.0007,0.0026,0,735266
20130204,-0.0119,-0.0014,-0.0015,0,735269
20130205,0.0107,-0.0009,0.0018,0,735270
20130206,0.0015,0.0029,0.0012,0,735271
20130207,-0.0015,-0.0005,0.0002,0,735272
20130208,0.0058,0.0001,-0.0021,0,735273
20130211,-0.0008,-0.0005,0.0039,0,735276
20130212,0.0016,0.002,0.0071,0,735277
20130213,0.0014,0.0011,-0.0002,0,735278
20130214,0.0011,0.0034,0.001,0,735279
20130215,-0.0011,0.0003,-0.001,0,735280
20130219,0.0074,0.0022,0.0017,0,735284
20130220,-0.0136,-0.0055,-0.0064,0,735285
20130221,-0.0066,-0.0031,-0.0006,0,735286
20130222,0.0094,0.0016,-0.0006,0,735287
20130225,-0.0182,-0.0021,-0.0072,0,735290
20130226,0.0058,-0.0018,0.0002,0,735291
20130227,0.0129,-0.0038,0.0016,0,735292
20130228,-0.0005,0.001,-0.0016,0,735293
20130301,0.0022,0.0013,-0.0033,0,735294
20130304,0.0047,-0.004,0.001,0,735297
20130305,0.01,0.0022,-0.0017,0,735298
20130306,0.0018,0.0006,0.0047,0,735299
20130307,0.0027,0.0019,0.0042,0,735300
20130308,0.0052,0.0038,-0.0015,0,735301
20130311,0.003,-0.0034,0.0023,0,735304
20130312,-0.0022,0.0005,-0.0013,0,735305
20130313,0.002,0.0018,0.0008,0,735306
20130314,0.0058,0.0038,0.0039,0,735307
20130315,-0.0019,0.0002,0.0043,0,735308
20130318,-0.005,0.0012,-0.0023,0,735311
20130319,-0.0024,-0.0003,0.0003,0,735312
20130320,0.0076,0.0026,0,0,735313
20130321,-0.0085,0.0017,-0.0028,0,735314
20130322,0.0062,-0.0046,-0.003,0,735315
20130325,-0.0029,0.0029,0.0002,0,735318
20130326,0.0076,-0.0037,-0.0022,0,735319
20130327,-0.0002,0.0016,-0.003,0,735320
20130328,0.0039,-0.0027,-0.003,0,735321
20130401,-0.0057,-0.0093,0.0003,0,735325
20130402,0.0033,-0.009,-0.0032,0,735326
20130403,-0.0116,-0.0042,-0.0019,0,735327
20130404,0.0042,0.0018,0.0025,0,735328
20130405,-0.0041,0.0005,0.0035,0,735329
20130408,0.007,0.0013,0.0028,0,735332
20130409,0.0031,-0.004,0.0019,0,735333
20130410,0.0128,0.0063,-0.001,0,735334
20130411,0.0035,-0.002,-0.0015,0,735335
20130412,-0.0028,-0.0013,-0.0046,0,735336
20130415,-0.0248,-0.0148,-0.0028,0,735339
20130416,0.0147,0.0018,0.0007,0,735340
20130417,-0.0146,-0.0029,-0.0055,0,735341
20130418,-0.0071,0.0016,0.0002,0,735342
20130419,0.0097,0.0004,0.0012,0,735343
20130422,0.0045,-0.0015,-0.0014,0,735346
20130423,0.0111,0.0046,0.0063,0,735347
20130424,0.0006,0.0037,0.0121,0,735348
20130425,0.0049,0.002,0.0001,0,735349
20130426,-0.002,-0.0035,-0.0022,0,735350
20130429,0.0067,0.0013,-0.0008,0,735353
20130430,0.0029,0.0037,-0.0005,0,735354
20130501,-0.0108,-0.014,-0.0027,0,735355
20130502,0.0104,0.006,0.0013,0,735356
20130503,0.0112,0.0062,0.0016,0,735357
20130506,0.0023,0.0024,0.0084,0,735360
20130507,0.0054,0.0012,0.0014,0,735361
20130508,0.0044,-0.0021,0.0014,0,735362
20130509,-0.0031,0.0011,-0.0029,0,735363
20130510,0.0054,0.0043,-0.002,0,735364
20130513,-0.0002,-0.0023,-0.0005,0,735367
20130514,0.011,0.0012,0.003,0,735368
20130515,0.0051,-0.0015,0.0027,0,735369
20130516,-0.005,0.0015,-0.0027,0,735370
20130517,0.0104,-0.0001,0.0038,0,735371
20130520,-0.0006,0.0038,0.0049,0,735374
20130521,0.0016,-0.001,-0.0008,0,735375
20130522,-0.0092,-0.0073,-0.0017,0,735376
20130523,-0.0019,0.0047,-0.001,0,735377
20130524,-0.0006,0.0016,0.0005,0,735378
20130528,0.0077,0.0064,0.0022,0,735382
20130529,-0.007,-0.0036,0.0058,0,735383
20130530,0.005,0.0032,0.0048,0,735384
20130531,-0.0131,0.0051,-0.0024,0,735385
20130603,0.0048,0.0017,-0.0011,0,735388
20130604,-0.0055,-0.003,-0.0016,0,735389
20130605,-0.0138,0.0006,-0.0026,0,735390
20130606,0.0089,0.0015,0.0026,0,735391
20130607,0.013,-0.0048,0.0007,0,735392
20130610,0.0007,0.0065,0.0021,0,735395
20130611,-0.0104,0.0001,-0.0058,0,735396
20130612,-0.0082,0.0001,0.0003,0,735397
20130613,0.0147,0.001,0.0031,0,735398
20130614,-0.0059,-0.0024,-0.0056,0,735399
20130617,0.0074,-0.0009,0.0002,0,735402
20130618,0.008,0.0038,-0.0006,0,735403
20130619,-0.0128,0.0017,0.0011,0,735404
20130620,-0.0245,-0.0002,0.0034,0,735405
20130621,0.0013,0.0019,-0.0008,0,735406
20130624,-0.0119,0.0008,-0.0066,0,735409
20130625,0.0096,-0.0002,0.0086,0,735410
20130626,0.0092,-0.0074,-0.0013,0,735411
20130627,0.0077,0.0084,0.0036,0,735412
20130628,-0.0033,0.0033,-0.0014,0,735413
20130701,0.0071,0.0082,-0.0014,0,735416
20130702,-0.001,0,0.0009,0,735417
20130703,0.0011,0.0019,-0.0021,0,735418
20130705,0.0111,0.0037,0.0045,0,735420
20130708,0.0053,-0.0019,0.0005,0,735423
20130709,0.0074,0.0004,0.0026,0,735424
20130710,0.0006,0.0035,-0.0041,0,735425
20130711,0.0132,-0.0011,-0.0062,0,735426
20130712,0.0033,-0.0001,0.002,0,735427
20130715,0.002,0.005,0.0034,0,735430
20130716,-0.0041,0.0003,0.0009,0,735431
20130717,0.003,-0.0004,0.0018,0,735432
20130718,0.0054,0.0003,0.0095,0,735433
20130719,0.0009,-0.0012,0.0028,0,735434
20130722,0.0022,0.001,0.0029,0,735437
20130723,-0.0015,0.0006,0.0028,0,735438
20130724,-0.0039,-0.0027,-0.0026,0,735439
20130725,0.0042,0.0059,-0.0035,0,735440
20130726,0.0002,-0.0064,-0.0021,0,735441
20130729,-0.0037,-0.0032,-0.0028,0,735444
20130730,0.0012,0.002,-0.0051,0,735445
20130731,0.0009,0.0015,0.0009,0,735446
20130801,0.014,0.0006,0.0005,0,735447
20130802,0.002,-0.0021,-0.0033,0,735448
20130805,-0.0007,0.0051,-0.0017,0,735451
20130806,-0.0068,-0.0033,-0.001,0,735452
20130807,-0.0042,-0.0034,0.0002,0,735453
20130808,0.0047,0,-0.0001,0,735454
20130809,-0.0029,0.0013,-0.002,0,735455
20130812,-0.0002,0.0058,-0.0022,0,735458
20130813,0.002,-0.0029,-0.0005,0,735459
20130814,-0.005,0.0014,0.0028,0,735460
20130815,-0.0147,-0.0037,0.0029,0,735461
20130816,-0.0026,0.0005,0.0009,0,735462
20130819,-0.0062,-0.0019,-0.0075,0,735465
20130820,0.0053,0.0084,0.0013,0,735466
20130821,-0.0059,-0.0002,-0.0046,0,735467
20130822,0.0093,0.0052,0.0005,0,735468
20130823,0.0038,-0.0022,-0.0014,0,735469
20130826,-0.0029,0.005,-0.005,0,735472
20130827,-0.0175,-0.0074,-0.0032,0,735473
20130828,0.003,0.0011,0.0008,0,735474
20130829,0.0034,0.0078,-0.0041,0,735475
20130830,-0.0047,-0.0114,-0.0022,0,735476
20130903,0.0046,0.0005,0.001,0,735480
20130904,0.0083,-0.0001,-0.0015,0,735481
20130905,0.0019,0.0017,0.0037,0,735482
20130906,0.0001,0.0004,0,0,735483
20130909,0.0109,0.0046,-0.0022,0,735486
20130910,0.008,0.0001,0.0022,0,735487
20130911,0.0028,-0.0022,0.0001,0,735488
20130912,-0.0032,-0.0023,-0.0034,0,735489
20130913,0.0029,0.0024,-0.0001,0,735490
20130916,0.0049,-0.0044,0.004,0,735493
20130917,0.0054,0.0047,-0.0013,0,735494
20130918,0.011,-0.0016,-0.0045,0,735495
20130919,-0.0013,0.0016,-0.006,0,735496
20130920,-0.0063,0.0053,0.0018,0,735497
20130923,-0.0045,0.0045,-0.0037,0,735500
20130924,-0.0012,0.0053,0.0001,0,735501
20130925,-0.0023,0.0004,0.0058,0,735502
20130926,0.0042,0.0021,-0.0073,0,735503
20130927,-0.0039,-0.0001,-0.0006,0,735504
20130930,-0.0049,0.0051,0.0006,0,735507
20131001,0.009,0.0041,-0.0013,0,735508
20131002,-0.001,-0.0036,-0.0008,0,735509
20131003,-0.0088,-0.0019,0.002,0,735510
20131004,0.0074,-0.0002,0.001,0,735511
20131007,-0.0095,-0.0027,0,0,735514
20131008,-0.0135,-0.0047,0.0076,0,735515
20131009,-0.0005,-0.0044,0.0062,0,735516
20131010,0.0223,0.0016,-0.0002,0,735517
20131011,0.0071,0.0079,0,0,735518
20131014,0.0044,0.0023,-0.0011,0,735521
20131015,-0.0073,-0.0019,0.0001,0,735522
20131016,0.0137,-0.0032,0.0014,0,735523
20131017,0.007,0.0016,0.0004,0,735524
20131018,0.0073,0.0034,-0.0005,0,735525
20131021,-0.0002,-0.0012,0.0005,0,735528
20131022,0.005,-0.0028,0.0009,0,735529
20131023,-0.0051,0.0016,-0.0033,0,735530
20131024,0.0042,0.004,-0.003,0,735531
20131025,0.0033,-0.0034,0.0014,0,735532
20131028,0.0009,-0.0006,0.0002,0,735535
20131029,0.0054,-0.0014,-0.0011,0,735536
20131030,-0.0061,-0.0077,0.0049,0,735537
20131031,-0.0034,-0.0009,-0.0043,0,735538
20131101,0.002,-0.0068,0.0022,0,735539
20131104,0.0047,0.0076,-0.0003,0,735542
20131105,-0.0023,0,-0.0025,0,735543
20131106,0.0027,-0.0083,0.0039,0,735544
20131107,-0.0146,-0.0036,0.0018,0,735545
20131108,0.0145,0.0052,0.0041,0,735546
20131111,0.0012,0.0001,-0.0013,0,735549
20131112,-0.0019,0.0038,-0.007,0,735550
20131113,0.009,0.0009,-0.0012,0,735551
20131114,0.0043,-0.0056,0.0031,0,735552
20131115,0.0043,0.0006,-0.0027,0,735553
20131118,-0.005,-0.0045,0.0045,0,735556
20131119,-0.0027,-0.0033,0.0026,0,735557
20131120,-0.0033,0.0026,0.0003,0,735558
20131121,0.0097,0.0079,-0.0006,0,735559
20131122,0.005,-0.0007,0.0011,0,735560
20131125,-0.0011,0.0015,0.0014,0,735563
20131126,0.0018,0.0085,-0.0048,0,735564
20131127,0.003,0.0035,-0.0006,0,735565
20131129,-0.0002,0.0029,-0.0017,0,735567
20131202,-0.0031,-0.0097,0.0016,0,735570
20131203,-0.0034,-0.0008,-0.0009,0,735571
20131204,-0.0007,-0.002,0.0026,0,735572
20131205,-0.0035,0.007,-0.0063,0,735573
20131206,0.0102,-0.0029,0.002,0,735574
20131209,0.0017,-0.0042,0,0,735577
20131210,-0.0034,-0.0056,0.002,0,735578
20131211,-0.0116,-0.0035,0.0005,0,735579
20131212,-0.0023,0.0036,0.0025,0,735580
20131213,0.001,0.0025,-0.0001,0,735581
20131216,0.0067,0.0059,-0.0014,0,735584
20131217,-0.0026,0.0019,-0.0016,0,735585
20131218,0.0155,-0.0048,0.0003,0,735586
20131219,-0.001,-0.0054,0.0016,0,735587
20131220,0.0069,0.0129,-0.003,0,735588
20131223,0.0062,0.005,-0.0005,0,735591
20131224,0.0034,0.001,0.0011,0,735592
20131226,0.0044,-0.0032,-0.0031,0,735594
20131227,-0.0005,-0.0007,0.0023,0,735595
20131230,0,0.0002,-0.003,0,735598
20131231,0.0044,-0.0017,0.0004,0,735599
20140102,-0.0088,-0.0027,0.0011,0,735601
20140103,0.0003,0.0036,0.0005,0,735602
20140106,-0.0034,-0.0057,0.0026,0,735605
20140107,0.0068,0.004,-0.0041,0,735606
20140108,0.0004,0.0001,-0.0011,0,735607
20140109,0.0002,0.0017,-0.0038,0,735608
20140110,0.0027,0.0053,-0.0077,0,735609
20140113,-0.0132,-0.0007,0.001,0,735612
20140114,0.0115,0.0019,-0.0038,0,735613
20140115,0.0053,0.0021,0.0021,0,735614
20140116,-0.0007,0.0029,-0.0068,0,735615
20140117,-0.0039,0.0003,0.0004,0,735616
20140121,0.003,0.0046,-0.0001,0,735620
20140122,0.0015,0.0027,0.0021,0,735621
20140123,-0.0086,0.0015,-0.005,0,735622
20140124,-0.0219,-0.0039,0.0022,0,735623
20140127,-0.0065,-0.0086,0.0046,0,735626
20140128,0.0073,0.0019,-0.0002,0,735627
20140129,-0.0107,-0.0041,0.0025,0,735628
20140130,0.0122,0.0031,-0.0042,0,735629
20140131,-0.0066,-0.0006,-0.0039,0,735630
20140203,-0.0248,-0.0089,0.0032,0,735633
20140204,0.0077,-0.0004,-0.001,0,735634
20140205,-0.0023,-0.006,0.002,0,735635
20140206,0.0121,-0.0048,0.0023,0,735636
20140207,0.0133,-0.0016,-0.0066,0,735637
20140210,0.0016,0.0012,-0.0044,0,735640
20140211,0.0109,-0.0019,0.0025,0,735641
20140212,0.0011,0.0025,-0.0008,0,735642
20140213,0.0072,0.0072,-0.0009,0,735643
20140214,0.0042,-0.0037,0.0038,0,735644
20140218,0.0027,0.0098,-0.0024,0,735648
20140219,-0.0074,-0.0028,-0.004,0,735649
20140220,0.007,0.0054,-0.0014,0,735650
20140221,-0.0009,0.0034,-0.0004,0,735651
20140224,0.0065,0.0019,0.0026,0,735654
20140225,-0.001,0.0012,-0.0061,0,735655
20140226,0.0012,0.0068,-0.0009,0,735656
20140227,0.0054,0.0015,0.0001,0,735657
20140228,0.0015,-0.0071,0.0083,0,735658
20140303,-0.007,0.0009,0.0015,0,735661
20140304,0.0167,0.0111,-0.0012,0,735662
20140305,0.0001,-0.0027,0.0028,0,735663
20140306,0.0016,-0.0032,0.0076,0,735664
20140307,0.0004,-0.0011,0.0051,0,735665
20140310,-0.0009,-0.0011,0.0006,0,735668
20140311,-0.0062,-0.0054,-0.0019,0,735669
20140312,0.0013,0.003,-0.0016,0,735670
20140313,-0.0121,-0.0013,0.0027,0,735671
20140314,-0.0016,0.0068,-0.0005,0,735672
20140317,0.009,-0.0036,-0.0001,0,735675
20140318,0.0082,0.0074,-0.0042,0,735676
20140319,-0.0059,-0.0017,0.006,0,735677
20140320,0.0052,-0.0048,0.0099,0,735678
20140321,-0.0037,-0.0028,0.0088,0,735679
20140324,-0.0064,-0.0089,0.0096,0,735682
20140325,0.003,-0.0034,0.0014,0,735683
20140326,-0.0089,-0.0119,0.003,0,735684
20140327,-0.0019,-0.0013,-0.0024,0,735685
20140328,0.0041,-0.0043,0.0052,0,735686
20140331,0.0097,0.0099,-0.0016,0,735689
20140401,0.0087,0.0075,-0.0041,0,735690
20140402,0.0029,0.0004,0.0012,0,735691
20140403,-0.0031,-0.0089,0.0078,0,735692
20140404,-0.0147,-0.0115,0.0074,0,735693
20140407,-0.0126,-0.003,-0.0002,0,735696
20140408,0.005,0.0031,-0.0022,0,735697
20140409,0.012,0.0034,-0.0093,0,735698
20140410,-0.0224,-0.0071,0.0086,0,735699
20140411,-0.0107,-0.0042,0.0029,0,735700
20140414,0.007,-0.005,0.0021,0,735703
20140415,0.0059,-0.0038,0.0017,0,735704
20140416,0.0113,0.0004,-0.0044,0,735705
20140417,0.0023,0.0033,0.0025,0,735706
20140421,0.0036,0.002,-0.0043,0,735710
20140422,0.0058,0.0073,-0.0037,0,735711
20140423,-0.0031,-0.0064,0.0089,0,735712
20140424,0.0008,-0.0041,-0.0017,0,735713
20140425,-0.0105,-0.0096,0.0061,0,735714
20140428,0.0011,-0.0065,-0.0054,0,735717
20140429,0.0056,-0.0021,-0.0022,0,735718
20140430,0.0035,0.0025,-0.0003,0,735719
20140501,0.0004,-0.0015,-0.0018,0,735720
20140502,-0.0007,0.0023,0.0033,0,735721
20140505,0.0013,-0.003,-0.0052,0,735724
20140506,-0.0103,-0.0054,0.0017,0,735725
20140507,0.0045,-0.0086,0.0117,0,735726
20140508,-0.0026,-0.01,0.0034,0,735727
20140509,0.0025,0.0071,-0.0039,0,735728
20140512,0.012,0.0142,-0.003,0,735731
20140513,-0.0005,-0.0106,0.0018,0,735732
20140514,-0.006,-0.011,-0.0043,0,735733
20140515,-0.009,0.0033,-0.0027,0,735734
20140516,0.0036,0.0026,-0.004,0,735735
20140519,0.005,0.0063,0,0,735738
20140520,-0.0078,-0.0081,0.0023,0,735739
20140521,0.0081,-0.0026,0.0005,0,735740
20140522,0.0036,0.0063,-0.0027,0,735741
20140523,0.0049,0.0062,-0.0024,0,735742
20140527,0.0069,0.007,-0.0019,0,735746
20140528,-0.0011,-0.0033,0.0027,0,735747
20140529,0.0054,-0.002,-0.0012,0,735748
20140530,0.0006,-0.0068,0.0028,0,735749
20140602,0.0006,-0.0068,0.004,0,735752
20140603,-0.0005,-0.0027,0.0018,0,735753
20140604,0.0028,0.0023,-0.0009,0,735754
20140605,0.0077,0.0129,-0.0018,0,735755
20140606,0.0054,0.0048,-0.0001,0,735756
20140609,0.0022,0.0101,-0.0031,0,735759
20140610,-0.0003,-0.0018,-0.0004,0,735760
20140611,-0.0034,-0.0012,-0.0028,0,735761
20140612,-0.0068,0.001,0.0017,0,735762
20140613,0.0031,-0.0007,-0.0019,0,735763
20140616,0.0013,0.0046,-0.0067,0,735766
20140617,0.0034,0.0055,0.0045,0,735767
20140618,0.0075,-0.0028,-0.0009,0,735768
20140619,0.0012,-0.0016,-0.0004,0,735769
20140620,0.0018,0.0018,0.0004,0,735770
20140623,-0.0001,-0.0024,0.0008,0,735773
20140624,-0.0072,-0.0034,-0.0021,0,735774
20140625,0.0053,0.0036,0.0007,0,735775
20140626,-0.0011,-0.0008,0.0005,0,735776
20140627,0.0026,0.0048,-0.0022,0,735777
20140630,0.0007,0.0026,0.0019,0,735780
20140701,0.0074,0.0048,-0.0037,0,735781
20140702,-0.0003,-0.0045,-0.0021,0,735782
20140703,0.0059,0.0022,0.0008,0,735783
20140707,-0.0062,-0.0127,0.0038,0,735787
20140708,-0.0082,-0.0065,0.0071,0,735788
20140709,0.0046,-0.0038,-0.0011,0,735789
20140710,-0.0049,-0.0059,0.0002,0,735790
20140711,0.0012,-0.0021,-0.0039,0,735791
20140714,0.0046,0,-0.0013,0,735794
20140715,-0.0032,-0.0093,0.0098,0,735795
20140716,0.0032,-0.006,0.0032,0,735796
20140717,-0.0121,-0.0039,0.0018,0,735797
20140718,0.0112,0.0049,-0.0047,0,735798
20140721,-0.0025,-0.0024,0.0005,0,735801
20140722,0.0053,0.0024,-0.0032,0,735802
20140723,0.0019,0.0013,-0.0075,0,735803
20140724,0.0005,-0.0028,0.0004,0,735804
20140725,-0.0053,-0.0037,0.0016,0,735805
20140728,-0.0008,-0.0047,0.0028,0,735808
20140729,-0.0033,0.007,-0.0067,0,735809
20140730,0.0012,0.0043,-0.0029,0,735810
20140731,-0.0203,-0.002,0.0046,0,735811
20140801,-0.0032,-0.0018,-0.0006,0,735812
20140804,0.0074,0.0002,-0.0022,0,735815
20140805,-0.0084,0.0077,-0.0019,0,735816
20140806,0.0002,0.0037,0.0018,0,735817
20140807,-0.0052,-0.0004,-0.0014,0,735818
20140808,0.0112,-0.002,-0.0018,0,735819
20140811,0.004,0.0059,-0.0029,0,735822
20140812,-0.0023,-0.006,0.0025,0,735823
20140813,0.0069,-0.0008,-0.0024,0,735824
20140814,0.0044,-0.0024,0.0004,0,735825
20140815,0,-0.0014,-0.0015,0,735826
20140818,0.0093,0.006,-0.0019,0,735829
20140819,0.0049,-0.0013,-0.001,0,735830
20140820,0.0019,-0.0064,0.0027,0,735831
20140821,0.0028,-0.0014,0.0082,0,735832
20140822,-0.001,0.003,-0.0039,0,735833
20140825,0.005,-0.0023,0.0004,0,735836
20140826,0.0019,0.007,-0.0033,0,735837
20140827,0,-0.0023,0.0015,0,735838
20140828,-0.0019,-0.0042,0.0009,0,735839
20140829,0.0039,0.0028,0.001,0,735840
20140902,0.0006,0.0047,-0.0009,0,735844
20140903,-0.0014,-0.0054,0.0023,0,735845
20140904,-0.0017,-0.0014,-0.0015,0,735846
20140905,0.0045,-0.0026,-0.0006,0,735847
20140908,-0.0022,0.0052,-0.0044,0,735850
20140909,-0.0072,-0.0042,-0.0002,0,735851
20140910,0.0045,0.002,-0.0039,0,735852
20140911,0.0019,0.0049,0.0021,0,735853
20140912,-0.0055,-0.0023,0.0014,0,735854
20140915,-0.0028,-0.0106,0.0065,0,735857
20140916,0.007,-0.0039,-0.0013,0,735858
20140917,0.0017,0.0008,-0.002,0,735859
20140918,0.005,0.0001,0.0003,0,735860
20140919,-0.0018,-0.0097,0.0005,0,735861
20140922,-0.0097,-0.0057,0.0013,0,735864
20140923,-0.0062,-0.0031,-0.0005,0,735865
20140924,0.0081,0.0008,-0.0092,0,735866
20140925,-0.0162,0.0008,0.0015,0,735867
20140926,0.0085,-0.0004,-0.0027,0,735868
20140929,-0.0022,0.0017,-0.0044,0,735871
20140930,-0.004,-0.0101,0.0014,0,735872
20141001,-0.0139,-0.0015,0.0033,0,735873
20141002,0.0015,0.0101,-0.0038,0,735874
20141003,0.0108,-0.0039,-0.0041,0,735875
20141006,-0.0026,-0.0078,0.0039,0,735878
20141007,-0.0156,-0.0012,0.0012,0,735879
20141008,0.017,0.0002,-0.0006,0,735880
20141009,-0.0217,-0.0042,-0.004,0,735881
20141010,-0.013,-0.0017,0.0055,0,735882
20141013,-0.0159,0.0132,0.005,0,735885
20141014,0.0028,0.0086,-0.0012,0,735886
20141015,-0.0053,0.0181,-0.0131,0,735887
20141016,0.0023,0.0108,0.0017,0,735888
20141017,0.0114,-0.0156,-0.001,0,735889
20141020,0.0094,0.002,-0.0033,0,735892
20141021,0.0198,-0.0041,0.0002,0,735893
20141022,-0.0085,-0.0057,0.0021,0,735894
20141023,0.0129,0.0052,-0.0046,0,735895
20141024,0.0066,-0.0046,-0.0011,0,735896
20141027,-0.0017,0.001,-0.0026,0,735899
20141028,0.0137,0.0158,-0.0001,0,735900
20141029,-0.0018,-0.0002,0.0044,0,735901
20141030,0.006,0.0027,-0.0048,0,735902
20141031,0.0123,0.0029,0.0019,0,735903
20141103,-0.0001,-0.0026,-0.0006,0,735906
20141104,-0.0035,-0.0004,-0.0011,0,735907
20141105,0.0048,-0.0053,0.0086,0,735908
20141106,0.0049,0.0009,-0.0048,0,735909
20141107,0.0009,0.0002,0.0044,0,735910
20141110,0.0033,0.0019,-0.005,0,735913
20141111,0.001,0.0002,-0.0029,0,735914
20141112,0.0007,0.0077,-0.0028,0,735915
20141113,-0.0003,-0.0091,-0.0033,0,735916
20141114,0.0006,-0.0014,0.0014,0,735917
20141117,-0.0005,-0.0098,0.0027,0,735920
20141118,0.0051,0.0005,-0.0036,0,735921
20141119,-0.0021,-0.0093,-0.0006,0,735922
20141120,0.0031,0.0088,-0.0002,0,735923
20141121,0.0048,-0.0039,-0.0009,0,735924
20141124,0.004,0.0094,-0.0057,0,735927
20141125,-0.0008,0.0007,-0.0004,0,735928
20141126,0.003,0.0009,-0.0045,0,735929
20141128,-0.0035,-0.0093,-0.0102,0,735931
20141201,-0.009,-0.0097,0.0061,0,735934
20141202,0.0065,0.0042,0.0005,0,735935
20141203,0.0046,0.0045,0.0031,0,735936
20141204,-0.0017,-0.0031,0.0009,0,735937
20141205,0.0025,0.0057,0.0025,0,735938
20141208,-0.0082,-0.0059,0.0026,0,735941
20141209,0.0013,0.0171,-0.0028,0,735942
20141210,-0.0172,-0.0062,-0.001,0,735943
20141211,0.0049,-0.0008,-0.002,0,735944
20141212,-0.0155,0.0049,-0.0058,0,735945
20141215,-0.0068,-0.0026,0.0011,0,735948
20141216,-0.008,0.0062,0.006,0,735949
20141217,0.0215,0.0085,-0.001,0,735950
20141218,0.0236,-0.0088,-0.0021,0,735951
20141219,0.0043,-0.0022,0.0019,0,735952
20141222,0.0037,0.0019,-0.0004,0,735955
20141223,0.0021,-0.0026,0.0105,0,735956
20141224,0.0007,0.0036,-0.0017,0,735957
20141226,0.0039,0.0037,-0.0032,0,735959
20141229,0.0013,0.0016,0.0057,0,735962
20141230,-0.0048,0.0006,0.0035,0,735963
20141231,-0.0093,0.005,-0.0039,0,735964
